edades,mejora
10.0,89.77967097222206
15.555555555555555,82.54487830311815
21.11111111111111,74.49497729847984
26.666666666666664,69.69334323003784
32.22222222222222,63.742848109331064
37.77777777777778,59.33078761881794
43.33333333333333,49.39673328134919
48.888888888888886,42.76366356801754
54.44444444444444,35.05934236349529
60.0,28.583681804223268
